RegionID,SizeRank,RegionName,RegionType,StateName,1/31/2018,2/28/2018,3/31/2018,4/30/2018,5/31/2018,6/30/2018,7/31/2018,8/31/2018,9/30/2018,10/31/2018,11/30/2018,12/31/2018,1/31/2019,2/28/2019,3/31/2019,4/30/2019,5/31/2019,6/30/2019,7/31/2019,8/31/2019,9/30/2019,10/31/2019,11/30/2019,12/31/2019,1/31/2020,2/29/2020,3/31/2020,4/30/2020,5/31/2020,6/30/2020,7/31/2020,8/31/2020,9/30/2020,10/31/2020,11/30/2020,12/31/2020,1/31/2021,2/28/2021,3/31/2021,4/30/2021
102001,0,United States,Country,,1426397,1383906,1441048,1527950,1629488,1702928,1754075,1778632,1767533,1747062,1690115,1593189,1505003,1456490,1502950,1569397,1661636,1733260,1777903,1788407,1769611,1739592,1666157,1550091,1446610,1396717,1422331,1409811,1431105,1429933,1454172,1424235,1379006,1338265,1260282,1150989,1057433,977885,967256,949788
394913,1,"New York, NY",Msa,NY,68575,68132,72655,79566,85571,90094,92200,91703,90473,89709,87476,82261,77014,74793,78474,84310,91121,95737,97294,95790,94040,92028,88515,81482,75069,72643,74852,72503,70717,70287,76404,80346,81775,80888,77552,70941,64313,60050,59409,60205
753899,2,"Los Angeles-Long Beach-Anaheim, CA",Msa,CA,20153,19986,21953,23882,25855,27449,29152,30220,30765,30990,30469,28699,27066,26234,27531,28810,30490,31413,32109,31955,31419,30440,28397,25168,22395,21342,21894,21581,22002,22995,25045,26022,26415,26403,25334,23004,20756,19531,20053,20410
394463,3,"Chicago, IL",Msa,IL,43034,41384,45056,49612,54147,56495,58394,59368,59210,58454,55696,50854,46124,44318,47328,52328,57243,60415,61758,62230,61896,60853,57604,52145,47386,46028,47885,47807,48190,48729,51277,51927,51050,49750,46523,41657,37046,33383,33003,33350
394514,4,"Dallas-Fort Worth, TX",Msa,TX,24283,23203,24345,26749,29538,31955,33918,35089,35141,34278,33045,31080,29607,28931,30484,32445,34882,37292,39353,40407,39837,38705,36959,34552,32346,31448,32138,32267,33239,33815,34703,33521,31439,30134,28398,26348,23952,21761,21306,20957
394974,5,"Philadelphia, PA",Msa,PA,26163,24718,25715,27948,30197,31306,31000,30122,29338,29133,28514,26942,25202,24047,25022,26718,28652,29745,30281,29796,29068,28112,26946,24847,22690,21667,21816,20737,20468,20682,22081,22264,21633,21176,20147,18413,16731,15451,15818,16475
394692,6,"Houston, TX",Msa,TX,32985,32147,33766,35826,38655,40336,41647,42086,41349,40317,38765,37122,36112,35806,37384,38962,41059,43275,45110,46141,45294,43961,42092,40161,38870,38671,39756,39863,40550,40348,40349,38650,36700,35156,33132,30955,29325,27767,27491,26195
395209,7,"Washington, DC",Msa,DC,22169,20891,22460,25804,28735,28895,27640,26110,25707,25519,24616,22276,19451,17750,18851,21174,23920,25376,25649,24792,24092,23609,22545,20045,17725,16794,17996,18521,19201,18915,19295,19023,19030,19098,18418,16586,14700,13527,14404,15851
394856,8,"Miami-Fort Lauderdale, FL",Msa,FL,61075,62721,65818,67113,67572,66021,64597,63481,62926,63433,64091,64559,66017,67963,70824,71333,70945,69348,67787,66018,64438,63861,63501,63100,63327,64071,65045,62900,61568,60789,61367,60587,59551,59272,58357,56850,55124,51616,47715,42573
394347,9,"Atlanta, GA",Msa,GA,32435,31210,32416,33928,35692,37346,38973,40149,39923,39398,38198,36428,35015,35841,37695,39529,40604,42431,43934,44789,44702,44409,43002,40753,38927,38213,39298,39642,41049,41291,41277,39586,37385,35786,33465,30855,28146,25772,24906,23927
394404,10,"Boston, MA",Msa,MA,10531,9498,10074,11708,14014,15894,16772,16635,16756,17161,16901,15058,13011,11829,12612,14109,16395,17939,18306,17445,17038,17072,16466,14080,11591,10503,11153,11435,12256,13138,14385,14592,14515,14496,13687,11604,9495,8252,8773,9679
395057,11,"San Francisco, CA",Msa,CA,4445,4267,5241,6320,7338,7888,8166,8166,8452,8897,8788,7639,6397,5998,6786,7822,8823,9346,9506,9174,9173,9200,8699,7099,5570,5203,5748,5969,6510,7297,8584,9181,9587,9980,9609,8348,6911,6483,7099,7778
394532,12,"Detroit, MI",Msa,MI,15146,13974,14217,15159,16866,18461,19908,21165,21773,21959,21139,19637,18079,16849,16885,17455,18998,20675,22265,23432,23967,23959,22827,20862,18899,17626,17174,15680,16123,16789,18562,18512,17966,17367,15970,14172,12462,11155,10968,10993
395025,13,"Riverside, CA",Msa,CA,17510,17621,18603,19464,20289,20933,21602,21926,22020,22083,21951,21271,20717,20292,20867,21215,21619,21670,21661,21631,21348,21091,20349,19146,18079,17456,17409,16697,16444,16024,15708,14852,14165,13963,13338,12244,11084,10315,10351,10347
394976,14,"Phoenix, AZ",Msa,AZ,25698,25927,27529,28565,28970,28357,27121,26100,25370,25597,25785,25480,25811,26561,28617,29637,30094,29328,27790,26162,24747,24369,23821,22823,22062,21923,23051,23327,23611,22926,22191,21214,20884,21422,21277,20027,18303,17214,17209,17397
395078,15,"Seattle, WA",Msa,WA,7622,6641,7180,8158,10042,11626,13019,13731,14268,14452,13745,11900,10225,9009,9535,10328,12288,13767,14756,14612,14017,13189,11637,9364,7526,6825,7537,8201,9133,9685,10539,11141,11455,11458,10363,8713,7270,6680,7443,8317
394865,16,"Minneapolis-St Paul, MN",Msa,MN,10304,9526,10342,11759,13581,15128,16240,16760,16745,16463,15253,13244,11301,10193,10570,11778,13786,15799,17075,17513,17350,17051,15916,13862,11809,10896,11656,12481,13569,14019,14633,14670,14553,14326,13080,11093,9230,8382,8803,9600
395056,17,"San Diego, CA",Msa,CA,6477,6431,7159,7948,8749,9301,9867,10311,10588,10646,10418,9787,9239,8896,9250,9580,10086,10404,10671,10685,10394,9963,9167,8148,7344,7034,7297,7273,7508,7624,7954,7900,7754,7622,7147,6405,5632,5256,5449,5648
395121,18,"St. Louis, MO",Msa,MO,12945,12340,12819,13634,14634,15294,15763,15981,15819,15649,15013,13970,12684,11737,11971,12666,13693,14284,14572,14633,14587,14617,14259,13273,12110,11360,11606,11541,11670,11413,11594,11442,11339,11256,10776,9819,8925,8020,7897,7869
395148,19,"Tampa, FL",Msa,FL,18218,18496,19650,20402,20962,20941,20555,20263,19922,19977,20052,19933,20297,20764,21720,21605,21370,21119,21063,20854,20317,20058,19716,19036,18750,18773,19398,18939,18836,18158,17699,16609,15731,15496,15042,14470,13741,12961,12492,11642
394358,20,"Baltimore, MD",Msa,MD,12891,12211,12706,13885,15117,15520,15276,14840,14572,14420,14011,13179,12173,11419,11856,12852,14118,14876,15127,14937,14648,14417,13848,12649,11387,10694,10863,10710,10802,10552,10590,10205,9940,9789,9270,8287,7307,6616,6684,7068
394530,21,"Denver, CO",Msa,CO,10724,10134,11266,12739,14542,16178,17177,17736,17801,17821,17087,15252,13737,12982,13914,15197,17261,19085,20124,20311,19904,19308,17584,14961,12812,11826,12764,13250,15117,16135,17330,16834,15902,15004,13190,10965,8861,7265,6804,6659
394982,22,"Pittsburgh, PA",Msa,PA,10721,10176,10330,10760,11372,11892,12198,12270,11977,11712,11218,10509,9781,9290,9451,9781,10333,10729,10807,10730,10586,10581,10278,9590,8969,8592,8465,7803,7915,8287,9038,8965,8780,8481,7919,6939,6206,5585,5557,5605
394998,23,"Portland, OR",Msa,OR,7664,6999,7296,8069,9334,10581,11514,12113,12324,12197,11553,10392,9421,8771,9083,9652,10847,11839,12588,12788,12641,12140,11158,9702,8573,7970,8399,8724,9447,9735,10188,10164,9825,9440,8493,7362,6313,5724,5979,6272
394458,24,"Charlotte, NC",Msa,NC,10158,9969,10956,11856,12778,13155,13592,13789,13498,13220,12643,11858,11254,11063,12138,12892,13913,14394,15049,15172,15020,14828,14130,12933,11929,11480,12016,11981,12413,12023,11766,11012,10539,10350,9798,8945,7951,7226,7035,6858
395045,25,"Sacramento, CA",Msa,CA,5745,5398,5831,6509,7451,8216,8783,9164,9286,9312,8819,7933,7057,6477,6579,7012,7817,8575,9097,9356,9316,9029,8254,7132,6240,5896,6187,6388,6819,7143,7369,7146,6831,6698,6224,5423,4477,3975,4128,4480
395055,26,"San Antonio, TX",Msa,TX,11343,11205,11885,12721,13431,13887,14240,14484,14269,13888,13418,12976,12725,12637,13333,14082,14921,15720,16461,16917,16755,16428,15886,15288,14757,14660,15003,15038,15319,15332,15323,14717,13937,13446,12651,11744,10814,9708,9017,8093
394943,27,"Orlando, FL",Msa,FL,12241,12252,12851,13301,13772,13938,13969,14046,14098,14209,14097,13789,13706,13830,14413,14583,14747,14911,15068,14995,14579,14381,14094,13608,13184,13066,13337,13093,13248,13355,13686,13493,13153,13057,12636,12063,11553,10970,10708,9840
394466,28,"Cincinnati, OH",Msa,OH,8015,7636,7849,8256,8962,9466,9980,10200,10274,10204,9853,9179,8485,7978,8103,8412,8916,9372,9648,9773,9719,9574,9133,8315,7638,7161,7210,7091,7304,7387,7541,7427,7250,7098,6684,6079,5555,5019,4957,4843
394475,29,"Cleveland, OH",Msa,OH,12011,11371,11700,12430,13435,14172,14728,14920,14795,14406,13760,12746,11690,11064,11372,12113,13146,13952,14538,14734,14614,14313,13588,12523,11294,10453,10315,10051,10059,9986,10352,10543,10501,10241,9580,8548,7669,6316,5547,4876
394735,30,"Kansas City, MO",Msa,MO,9205,8752,9140,9937,11061,12082,12567,12714,12330,11716,10796,9641,8983,8523,8752,9252,9932,10358,10556,10618,10569,10446,9993,9130,8220,7670,7748,7732,7941,7912,7978,7725,7483,7429,7072,6493,5796,5161,5137,5346
394775,31,"Las Vegas, NV",Msa,NV,11815,11637,12168,12719,11967,10978,11055,11501,12148,11769,12096,11937,12098,12407,13289,13786,14393,14707,14944,14909,14669,14396,13780,12848,12016,11379,11307,11133,11512,11782,12072,12077,12062,12121,11677,10893,9861,8970,8366,7922
394492,32,"Columbus, OH",Msa,OH,5310,4897,5069,5477,6233,6860,7400,7690,7684,7611,7192,6535,5840,5327,5449,5689,6340,6861,7324,7520,7540,7505,7131,6470,5813,5335,5355,5311,5514,5580,5749,5733,5665,5690,5406,4885,4278,3846,3858,3965
394705,33,"Indianapolis, IN",Msa,IN,7229,6775,7111,7497,7807,7972,8241,8665,8758,8840,8571,8013,7343,6840,6953,7229,7826,8375,8875,9214,9352,9390,9033,8335,7650,7175,7145,6930,7017,6948,7022,6875,6866,7015,6858,6297,5656,5069,5028,5075
395059,34,"San Jose, CA",Msa,CA,1304,1319,1686,2090,2510,2750,2955,3029,3165,3274,3180,2746,2318,2213,2537,2957,3385,3661,3784,3673,3549,3401,3045,2435,1898,1788,2002,2151,2399,2658,2993,3095,3172,3269,3129,2744,2345,2268,2595,2903
394355,35,"Austin, TX",Msa,TX,7955,7577,8158,9160,10295,11093,11514,11594,11270,10901,10392,9790,9178,8797,9156,9750,10495,11247,11782,12059,11857,11502,10830,9817,9070,8722,9145,9447,10187,10458,10640,10098,9509,8994,8264,7413,6479,5819,6061,6669
395194,36,"Virginia Beach, VA",Msa,VA,11858,11477,11793,12474,13261,13783,13956,13856,13372,12994,12488,11870,11344,11061,11449,12012,12709,13108,13202,13006,12593,12092,11416,10614,9951,9684,10013,10169,10329,10106,9939,9561,9201,8904,8520,7905,7278,6650,6561,6881
394902,37,"Nashville, TN",Msa,TN,8702,8403,8796,9483,10323,11054,11585,11986,12083,12162,11992,11529,11078,10754,11022,11475,12201,12868,13463,13641,13618,13540,13195,12473,11620,11194,11358,11489,12019,12381,12716,12456,11875,11341,10603,9699,,,,
395005,38,"Providence, RI",Msa,RI,5955,5434,5418,5876,6602,7353,7890,8183,8279,8314,8016,7367,6574,6056,6065,6425,7045,7551,7770,7765,7747,7738,7403,6741,6040,5613,5567,5437,5511,5556,5785,5770,5668,5529,5237,4700,4134,3440,3183,2989
394862,39,"Milwaukee, WI",Msa,WI,3808,3521,3651,4015,4525,4806,4972,4951,4932,4893,4697,4331,3861,3531,3542,3710,4075,4405,4671,4761,4753,4684,4413,3979,3475,3267,3391,3590,3780,3943,4221,4475,4612,4658,4443,3950,3340,2887,2930,3365
394714,40,"Jacksonville, FL",Msa,FL,9774,10019,10822,11607,12146,12437,12681,12792,12662,12440,12150,11664,11447,11505,12198,12931,13406,13683,13554,13361,12917,12687,12331,11919,11526,11579,12038,12053,12056,11627,11291,10583,9851,9316,8733,8184,7635,6960,6584,6265
394849,41,"Memphis, TN",Msa,TN,5739,5573,5684,5904,6224,6521,6805,6969,6931,6793,6523,6295,6105,6044,6185,6260,6342,6339,6400,6424,6357,6266,6044,5722,5432,5213,5193,5094,5130,4993,4885,4639,4457,4275,4059,3740,3442,3196,3268,3402
394935,42,"Oklahoma City, OK",Msa,OK,8455,8196,8385,8599,8995,9203,9332,9289,9072,8772,8464,8030,7618,7208,7190,7393,7681,8010,8213,8422,8288,8045,7636,7190,6863,6654,6738,6702,6938,6960,6974,6697,6409,6159,5717,5189,4719,4242,4206,4050
394807,43,"Louisville-Jefferson County, KY",Msa,KY,4494,4306,4493,4731,5049,5394,5765,5987,6017,6032,5934,5633,5292,4992,5085,5217,5511,5729,5934,6039,6093,6115,5948,5478,5058,4759,4746,4593,4613,4540,4524,4350,4254,4269,4176,3926,3617,3281,3233,3183
394669,44,"Hartford, CT",Msa,CT,5870,5260,5159,5582,6245,6886,7036,7085,6917,6846,6590,6033,5404,5010,5116,5492,6074,6488,6712,6710,6660,6550,6223,5644,5072,4730,4738,4587,4597,4583,4765,4738,4737,4744,4542,4034,3452,2970,2869,2954
395022,45,"Richmond, VA",Msa,VA,4956,4787,5071,5548,5967,6226,6293,6289,6161,6085,5838,5394,4948,4676,4846,5104,5529,5814,5995,5979,5930,5946,5767,5358,4948,4764,4948,5027,5116,4988,4865,4649,4527,4495,4335,3972,3573,3294,3390,3553
394910,46,"New Orleans, LA",Msa,LA,3839,3818,4035,4235,4439,4514,4556,4494,4335,4215,4085,3937,3835,3811,3960,4095,4271,4506,4629,4731,4610,4479,4212,3925,3736,3612,3688,3638,3746,3652,3597,,,,2770,2638,2548,2447,2439,2384
394425,47,"Buffalo, NY",Msa,NY,2808,2532,2541,2672,2988,3255,3552,3715,3784,3720,3482,3128,2786,2548,2572,2673,2952,3240,3482,3609,3631,3588,3387,3013,2666,2428,2365,2170,2173,2339,2660,2856,2825,2725,2454,2095,1785,1566,1601,1672
395012,48,"Raleigh, NC",Msa,NC,6311,6186,6624,7125,7672,8009,8039,7933,7610,7573,7332,7020,6756,6668,7039,7352,7865,8443,8752,8907,8739,8745,8493,8035,7704,7534,7826,7818,7967,7672,7456,7006,6618,6298,5697,4997,4286,3782,3594,3426
394388,49,"Birmingham, AL",Msa,AL,6211,6137,6381,6686,6958,7183,7244,7259,7132,6991,6701,6267,5920,5714,5902,6109,6365,6599,6776,6895,6815,6620,6286,5830,5548,5404,5551,5509,5577,5521,5526,5395,5277,5195,5008,4668,4416,4175,4067,3917
395053,50,"Salt Lake City, UT",Msa,UT,2587,2555,2796,3178,3695,4133,4449,4701,4882,5057,4973,4622,4247,3935,4100,4358,4813,5139,5280,5317,5210,5080,4680,4088,3552,3209,3375,3627,4052,4178,4149,3946,3711,3543,3157,2682,2240,1959,2078,2255
395031,51,"Rochester, NY",Msa,NY,3075,2838,2917,3201,3574,3892,4082,4194,4176,4084,3838,3440,3041,2776,2802,2976,3284,3581,3782,3825,3802,3731,3538,3167,2787,2578,2570,2468,2525,2679,2962,3102,3065,2993,2713,2274,1898,1641,1681,1786
394640,52,"Grand Rapids, MI",Msa,MI,3287,2919,2949,3155,3552,3917,4269,4539,4630,4593,4346,3968,3595,3299,3294,3441,3814,4236,4568,4746,4790,4780,4538,4094,3612,3300,3267,3082,3330,3505,3859,3776,3556,3477,3192,2888,2450,2202,2173,2168
395167,53,"Tucson, AZ",Msa,AZ,4952,4974,5181,5185,5190,5042,4843,4686,4536,4557,4644,4687,4831,4899,5170,5281,5291,5166,4945,4766,4606,4569,4547,4433,4397,4392,4552,4454,4377,4128,3918,3693,3651,3767,3761,3544,3310,3070,2977,2815
753924,54,"Urban Honolulu, HI",Msa,HI,3481,3450,3682,3923,4146,4222,4306,4336,4293,4216,4171,4115,4116,4160,4345,4513,4678,4768,4862,4915,4928,4876,4742,4559,4350,4256,4315,4295,4264,4207,4314,4382,4370,4314,4228,4101,,,,
395169,55,"Tulsa, OK",Msa,OK,5741,5618,5736,5886,6079,6280,6453,6586,6525,6367,6039,5641,5339,5166,5210,5304,5394,5499,5537,5558,5440,5271,5003,4702,4474,4385,4518,4493,4530,4445,4400,4295,4121,4075,3884,3615,3348,3038,2994,2901
394619,56,"Fresno, CA",Msa,CA,1920,1883,2007,2150,2318,2430,2526,2603,2644,2670,2593,2455,2325,2266,2358,2448,2583,2683,2742,2773,2757,2732,2621,2420,2243,2130,2150,2107,2086,1986,1925,1838,1790,1757,1670,1517,1361,1261,1303,1362
395238,57,"Worcester, MA",Msa,MA,2915,2633,2664,2940,3362,3744,3940,4033,4067,4150,4013,3619,3142,2806,2805,2989,3387,3747,3916,3897,3858,3839,3662,3218,2780,2511,2554,2533,2641,2696,2747,2670,2555,2551,2391,2100,1765,1519,1539,1671
394415,58,"Stamford, CT",Msa,CT,5707,5311,5463,6358,7160,7746,7563,7368,7164,7020,6769,6172,5588,5360,5727,6323,7051,7502,7671,7426,7222,7049,6753,6096,5432,5204,5417,5437,5562,5729,6162,6192,6067,5834,5426,4750,4069,3526,3411,3487
394312,59,"Albuquerque, NM",Msa,NM,3822,3636,3712,3894,4158,4388,4532,4623,4582,4495,4274,3962,3636,3400,3414,3557,3747,3966,4105,4191,4121,4056,3884,3584,3263,3047,3079,3058,3138,3084,3087,2985,2913,2879,2742,2544,2294,2157,2117,2118
394308,60,"Albany, NY",Msa,NY,2664,2460,2474,2582,2812,3001,3180,3223,3239,3212,3123,2912,2679,2496,2487,2552,2755,2939,3073,3117,3135,3116,2973,2692,2413,2225,2175,2058,2062,2131,2284,2351,2350,2345,2226,2007,1801,1593,1518,1464
394938,61,"Omaha, NE",Msa,NE,3036,2907,3065,3292,3597,3855,4059,4188,4214,4171,4038,3711,3393,3119,3109,3253,3567,3869,4014,4092,4130,4169,4004,3645,3302,3132,3311,3438,3653,3629,3604,3417,3261,3136,2913,2581,2254,1999,2001,2168
394908,62,"New Haven, CT",Msa,CT,4067,3660,3597,3896,4298,4564,4574,4572,4526,4465,4257,3917,3562,3352,3452,3707,4077,4320,4426,4382,4279,4154,3890,3500,3139,2970,3037,2990,3008,3002,3120,3147,3164,3154,3013,2667,2315,1999,1948,1961
394357,63,"Bakersfield, CA",Msa,CA,2516,2559,2761,2972,3143,3306,3419,3541,3564,3531,3370,3130,2978,2892,2999,3075,3211,3335,3442,3503,3467,3416,3284,3077,2877,2767,2819,2814,2878,2841,2848,2790,2763,2693,2486,2217,1998,1865,1850,1848
394753,64,"Knoxville, TN",Msa,TN,4497,4341,4411,4581,4803,4940,5071,5184,5206,5143,4954,4661,4387,4219,4319,4458,4639,4753,4768,4776,4712,4711,4624,4394,4138,3895,3877,3808,3848,3788,3686,3479,3322,3328,3286,3105,2848,2595,2493,2389
394653,65,"Greenville, SC",Msa,SC,5643,5479,5730,5918,6144,6180,6205,6222,6163,6079,5884,5599,5392,5252,5510,5701,6089,6407,6776,7020,7040,6919,6604,6191,5921,5794,5887,5898,5960,5848,5732,5494,5258,5127,4871,4641,,,,
394952,66,"Ventura, CA",Msa,CA,1608,1565,1703,1879,2112,2306,2477,2591,2637,2628,2503,2298,2130,2045,2147,2272,2466,2599,2708,2694,2589,2423,2250,2003,1833,1757,1842,1851,1922,1992,2095,2046,1949,1833,1686,1478,1302,1237,1312,1377
394318,67,"Allentown, PA",Msa,PA,3795,3571,3606,3792,4096,4395,4583,4647,4626,4610,4475,4164,3831,3603,3647,3793,4023,4199,4282,4295,4229,4129,3899,3564,3240,3021,2951,2669,2622,2733,3019,3060,2970,2924,2786,2516,2206,1941,1898,1981
394561,68,"El Paso, TX",Msa,TX,4534,4565,4622,4627,4551,4420,4344,4261,4176,4112,4060,3947,3841,3763,3803,3817,3802,3862,3925,4003,3949,3918,3854,3772,3696,3745,3828,3816,3726,3591,3430,3279,3131,3078,2775,2513,2265,2218,2195,2091
394367,69,"Baton Rouge, LA",Msa,LA,4130,4193,4441,4689,4963,5209,5394,5467,5362,5283,5180,5038,4931,4907,5107,5290,5450,5568,5646,5730,5676,5579,5382,5159,5031,4998,5120,5073,5074,4950,4866,4641,4383,4162,3915,3701,3553,3395,3361,3166
394521,70,"Dayton, OH",Msa,OH,2886,2755,2822,2979,3150,3298,3416,3518,3580,3626,3543,3303,2980,2726,2679,2682,2760,2842,2947,3006,2979,2948,2825,2598,2382,2223,2244,2200,2221,2186,2218,2233,2268,2307,2230,2043,1811,1617,1593,1632
394843,71,"McAllen, TX",Msa,TX,2150,2160,2225,2258,2302,2284,2271,2294,2321,2389,2394,2381,2420,2490,2596,2592,2578,2557,2563,2560,2542,2532,2503,2449,2422,2440,2495,2460,2415,2284,2151,1963,,,,1687,1713,1669,1638,1595
394486,72,"Columbia, SC",Msa,SC,5200,4991,5042,5200,5370,5412,5414,5418,5223,5044,4829,4614,4430,4267,4360,4402,4586,4858,5221,5460,5428,5249,4991,4743,4654,4582,4671,4545,4534,4298,4107,,,,,2996,2809,2751,2742,2653
394648,73,"Greensboro, NC",Msa,NC,2900,2823,2908,3091,3354,3451,3499,3242,3011,2781,2686,2566,2468,2394,2495,2557,2685,2759,2858,2906,2904,2846,2741,2560,2408,2301,2341,2326,2386,2354,2340,2222,2167,2149,2086,1950,1798,1639,1599,1584
394304,74,"Akron, OH",Msa,OH,4025,3782,3879,4131,4455,4674,4811,4873,4812,4672,4405,3998,3585,3300,3360,3569,3940,4249,4498,4564,4548,4468,4280,3966,3604,3338,3310,3220,3228,3189,3315,3364,3321,3201,2981,2642,2350,1882,1634,1420
753906,75,"North Port-Sarasota-Bradenton, FL",Msa,FL,9280,9870,10609,10831,10607,10072,9413,8945,8572,8579,8857,9214,9907,10490,11187,11118,10742,10191,9666,9252,8789,8648,8747,8883,9344,9794,10184,9795,9343,8835,8493,7996,7542,7338,7027,6670,6403,6014,5663,4947
394798,76,"Little Rock, AR",Msa,AR,4908,4769,4919,5164,5520,5772,5883,5944,5913,5856,5692,5412,5177,5064,5217,5409,5374,5242,5028,4966,5008,5049,5016,4779,4552,4479,4591,4636,4698,4663,4703,4651,4487,4310,3910,3461,3010,2760,2723,2678
395134,77,"Stockton, CA",Msa,CA,1323,1262,1339,1440,1598,1714,1828,1949,2044,2100,2040,1886,1729,1616,1654,1743,1867,2007,2122,2200,2221,2205,2109,1907,1686,1552,1547,1531,1563,1555,1546,1465,1403,1377,1278,1116,961,905,972,1056
394457,78,"Charleston, SC",Msa,SC,5750,5751,6132,6516,6855,6973,6933,6804,6521,6520,6440,6337,6188,6205,6592,6888,7185,7400,7511,7527,7265,7152,6865,6585,6343,6311,6502,6486,6616,6572,6488,6129,5772,5644,5360,4976,4472,4037,3795,3533
395143,79,"Syracuse, NY",Msa,NY,2597,2410,2420,2574,2801,3022,3227,3372,3385,3268,3037,2740,2449,2257,2259,2375,2560,2715,2842,2922,2925,2861,2642,2337,2037,1854,1794,1679,1675,1751,1899,1967,1955,1912,1747,1513,1334,1193,1183,1209
394484,80,"Colorado Springs, CO",Msa,CO,1899,1847,2054,2384,2885,3344,3734,3910,3938,3793,3542,3165,2821,2567,2607,2800,3187,3600,3898,4051,3979,3825,3466,3049,2708,2551,2741,2866,3251,3541,3898,3936,3778,3594,3228,2798,2401,2060,1959,1940
395235,81,"Winston-Salem, NC",Msa,NC,2600,2539,2709,2969,3292,3383,3461,3241,3061,2835,2721,2532,2348,2248,2391,2545,2702,2740,2771,2769,2778,2763,2692,2517,2399,2327,2453,2440,2447,2314,2253,2163,2106,2096,2024,1896,1740,1600,1619,1662
395224,82,"Wichita, KS",Msa,KS,2687,2553,2573,2640,2780,2926,3010,3073,3031,3038,2985,2870,2733,2605,2626,2690,2766,2812,2771,2753,2679,2642,2513,2349,2221,2167,2215,2211,2241,2189,2167,2114,2122,2129,2093,1956,1804,1574,1501,1474
395115,83,"Springfield, MA",Msa,MA,1791,1649,1672,1802,2005,2202,2334,2384,2377,2377,2280,2085,1856,1709,1725,1813,1988,2113,2190,2191,2180,2161,2062,1838,1608,1485,1515,1498,1525,1526,1566,1545,1537,1557,1495,1339,1164,1030,1004,1021
394440,84,"Fort Myers, FL",Msa,FL,14368,15300,16403,16544,16247,15282,14392,13715,13302,13406,13931,14686,15887,16935,17883,17929,17352,16492,15431,14558,13792,13594,13734,13937,14441,14800,15104,14425,13810,13026,12441,11745,11167,10857,10361,9803,9230,8643,7465,6088
394399,85,"Boise City, ID",Msa,ID,3481,3170,3215,3546,3821,4025,4106,4324,4457,4498,4339,4004,3696,3457,3523,3772,4108,4369,4485,4533,4524,4510,4355,4029,3674,3476,3571,3674,3938,3979,3861,,,,,2214,1897,1726,1827,1972
395160,86,"Toledo, OH",Msa,OH,2427,2324,2358,2425,2528,2609,2713,2819,2854,2824,2674,2458,2251,2084,2097,2167,2294,2379,2411,2451,2449,2465,2406,2277,2124,2025,2012,1952,1952,1932,1939,1892,1856,1859,1779,1633,1466,1328,1285,1289
394816,87,"Madison, WI",Msa,WI,2313,2164,2346,2739,3171,3474,3592,3586,3482,3350,3123,2768,2438,2277,2416,2701,3102,3414,3561,3542,3468,3398,3191,2853,2504,2370,2542,2732,2921,2974,3083,3099,3056,2991,2817,2508,2119,1864,1895,2058
394766,88,"Lakeland, FL",Msa,FL,4163,4211,4395,4502,4566,4537,4497,4527,4608,4692,4731,4686,4858,5070,5411,5417,5325,5304,5333,5433,5417,5466,5420,5255,5186,5205,5311,5151,5071,4908,4849,4616,4435,4295,4109,3864,3614,3345,3115,2744
394931,89,"Ogden, UT",Msa,UT,1640,1566,1660,1817,2097,2297,2426,2555,2654,2749,2656,2440,2236,2125,2218,2334,2547,2732,2864,2930,2969,2981,2830,2519,2201,1988,2079,2190,2374,2332,2248,2061,1881,1806,1639,1468,1265,1124,1159,1187
394528,90,"Daytona Beach, FL",Msa,FL,5548,5656,5927,6155,6334,6402,6378,6370,6301,6296,6290,6261,6374,6515,6816,6829,6781,6703,6695,6665,6547,6485,6426,6293,6319,6391,6615,6492,6471,6242,6009,5545,5170,4955,4727,4524,4377,4242,4056,3812
394531,91,"Des Moines, IA",Msa,IA,3719,3689,4053,4237,4455,4456,4572,4640,4649,4661,4530,4270,4033,3849,3909,4068,4340,4523,4631,4727,4802,4826,4719,4475,4214,4058,4164,4250,4414,4340,4263,4024,3842,3778,3647,3441,3164,2969,2999,3060
394711,92,"Jackson, MS",Msa,MS,2814,2821,2967,3137,3349,3436,3449,3356,3229,3139,3029,2877,2734,2679,2808,2916,3013,3046,3061,3029,2962,2906,2852,2765,2679,2617,2654,2635,2633,2529,2455,2311,2176,2073,1930,1765,1592,1458,1440,1432
394352,94,"Augusta, GA",Msa,GA,3712,3625,3698,3785,3891,3921,3930,3903,3842,3768,3669,3547,3481,3468,3568,3618,3710,3821,3943,4001,4002,3949,3778,3550,3408,3416,3472,3362,3222,2982,2891,2729,2625,2484,2320,2165,2052,2009,2009,1956
394666,96,"Harrisburg, PA",Msa,PA,2430,2226,2257,2371,2525,2615,2651,2656,2602,2538,2395,2201,1989,1843,1849,1948,2125,2272,2343,2354,2345,2342,2280,2134,1972,1836,1764,1596,1600,1676,1831,1815,1688,1656,1568,1458,1314,1220,1244,1271
395006,100,"Provo, UT",Msa,UT,1878,1755,1825,2065,2551,2992,3292,3419,3430,3505,3539,3480,3341,3211,3342,3550,3882,4132,4276,4368,4288,4213,3950,3608,3279,3051,3167,3347,3705,3752,3584,3178,2834,2597,2242,1872,1525,1312,1338,1417
394602,159,"Fort Collins, CO",Msa,CO,2307,2136,2265,2520,2870,3126,3363,3477,3481,3510,3444,3232,2870,2608,2671,2931,3333,3447,3445,3305,3304,3207,2984,2659,2450,2321,2381,2386,2644,2867,3072,3001,2933,2786,2524,2152,1869,1790,1870,2007
